date,product_id,location_id,demand,price
2023-01-01,101,1,150,12.5
2023-01-02,101,1,160,12.5
2023-01-03,101,1,155,12.0
2023-01-04,101,1,170,11.8
2023-01-05,101,1,165,12.3
2023-01-01,102,2,80,10.0
2023-01-02,102,2,85,9.8
2023-01-03,102,2,82,9.5
2023-01-04,102,2,90,9.2
2023-01-05,102,2,88,9.7
